block_height,timestamp,mining_time_sec,nonce_attempts,difficulty,reward_jack,tx_count,is_fork,block_hash_prefix
1,2026-02-19 12:38:34,0.35,17409,4,50.0,10,True,00002d4d
2,2026-02-19 12:38:34,2.35,117644,4,50.0,16,False,0000f033
3,2026-02-19 12:39:34,1.74,86956,4,50.0,2,False,0000278f
4,2026-02-19 12:40:34,1.16,58208,4,50.0,2,False,000078cb
5,2026-02-19 12:41:34,0.04,2126,4,50.0,6,False,00005b8a
6,2026-02-19 12:42:34,1.2,59760,4,50.0,20,False,000041d5
7,2026-02-19 12:43:34,4.65,232362,4,50.0,8,False,00009166
8,2026-02-19 12:44:34,2.21,110509,4,50.0,12,False,00003922
9,2026-02-19 12:45:34,0.49,24506,4,50.0,10,False,00004f4e
10,2026-02-19 12:46:34,0.72,36138,4,50.0,16,False,00005b4c
11,2026-02-19 12:47:34,0.04,2063,4,50.0,19,False,00006d96
12,2026-02-19 12:48:34,0.62,31231,4,50.0,8,False,0000de43
13,2026-02-19 12:49:34,0.04,2001,4,50.0,14,False,0000ab2e
14,2026-02-19 12:50:34,1.82,90915,4,50.0,18,False,00008b47
15,2026-02-19 12:51:34,0.78,38776,4,50.0,19,False,0000ea28
16,2026-02-19 12:52:34,0.28,13990,4,50.0,0,False,0000450b
17,2026-02-19 12:53:34,0.1,5242,4,50.0,5,False,0000c042
18,2026-02-19 12:54:34,2.45,122451,4,50.0,15,False,0000431b
19,2026-02-19 12:55:34,0.86,43055,4,50.0,13,False,00008a59
20,2026-02-19 12:56:34,0.73,36455,4,50.0,4,False,0000c9f3
21,2026-02-19 12:57:34,0.41,20329,4,50.0,20,False,0000f4f1
22,2026-02-19 12:58:35,2.36,117907,4,50.0,6,False,0000e048
23,2026-02-19 12:59:35,1.62,80887,4,50.0,8,True,0000e6e1
24,2026-02-19 13:00:35,0.84,41882,4,50.0,0,True,00003abe
25,2026-02-19 13:01:35,3.76,188007,4,50.0,17,False,00000680
26,2026-02-19 13:02:35,2.33,116475,4,50.0,9,False,00003d30
27,2026-02-19 13:03:35,2.43,121386,4,50.0,14,True,0000909a
28,2026-02-19 13:04:35,2.98,148881,4,50.0,14,False,0000bd0d
29,2026-02-19 13:05:35,1.56,77988,4,50.0,1,True,00006193
30,2026-02-19 13:06:35,1.0,49760,4,50.0,0,False,0000032c
31,2026-02-19 13:07:35,0.01,415,4,50.0,11,False,00007a01
32,2026-02-19 13:08:35,0.35,17478,4,50.0,14,False,00002141
33,2026-02-19 13:09:35,1.44,72157,4,50.0,9,False,000065ef
34,2026-02-19 13:10:35,0.73,36742,4,50.0,9,False,00000374
35,2026-02-19 13:11:35,2.02,100988,4,50.0,18,False,0000d6d1
36,2026-02-19 13:12:35,1.55,77463,4,50.0,11,False,0000cca7
37,2026-02-19 13:13:35,0.85,42275,4,50.0,4,False,000019a7
38,2026-02-19 13:14:35,0.49,24464,4,50.0,4,False,00000c0c
39,2026-02-19 13:15:35,5.09,254744,4,50.0,14,False,0000cbda
40,2026-02-19 13:16:35,0.8,40225,4,50.0,19,True,00005ae0
41,2026-02-19 13:17:35,0.01,684,4,50.0,17,False,000078d1
42,2026-02-19 13:18:35,0.46,22843,4,50.0,5,False,0000fbb3
43,2026-02-19 13:19:35,0.76,37756,4,50.0,2,False,00005dc8
44,2026-02-19 13:20:35,1.46,72763,4,50.0,5,False,0000820e
45,2026-02-19 13:21:35,1.86,92878,4,50.0,19,False,0000dc91
46,2026-02-19 13:22:35,1.66,83143,4,50.0,16,False,00006dcc
47,2026-02-19 13:23:35,0.28,14159,4,50.0,5,False,0000252c
48,2026-02-19 13:24:35,0.75,37614,4,50.0,15,False,00007b8c
49,2026-02-19 13:25:35,0.27,13263,4,50.0,4,False,0000f414
50,2026-02-19 13:26:35,1.6,79797,4,50.0,20,False,0000fb57
51,2026-02-19 13:27:35,0.62,31103,5,50.0,10,False,00000cce
52,2026-02-19 13:28:35,7.34,367134,5,50.0,18,False,000005e2
53,2026-02-19 13:29:35,36.22,1810881,5,50.0,9,False,00000f1a
54,2026-02-19 13:30:35,22.17,1108734,5,50.0,18,False,0000088c
55,2026-02-19 13:31:35,38.9,1944754,5,50.0,6,False,00000ea1
56,2026-02-19 13:32:35,16.26,813179,5,50.0,4,False,00000f6d
57,2026-02-19 13:33:35,4.41,220620,5,50.0,1,False,000008bb
58,2026-02-19 13:34:35,19.37,968513,5,50.0,2,False,0000036f
59,2026-02-19 13:35:35,16.73,836368,5,50.0,5,False,0000009e
60,2026-02-19 13:36:35,5.43,271408,5,50.0,17,False,00000156
61,2026-02-19 13:37:35,40.33,2016722,5,50.0,2,False,00000ddf
62,2026-02-19 13:38:35,4.74,236897,5,50.0,19,True,00000e5d
63,2026-02-19 13:39:35,25.93,1296733,5,50.0,14,False,00000858
64,2026-02-19 13:40:35,12.43,621548,5,50.0,4,True,00000404
65,2026-02-19 13:41:35,3.83,191472,5,50.0,12,False,000001ef
66,2026-02-19 13:42:35,16.96,847947,5,50.0,17,False,000002d7
67,2026-02-19 13:43:35,38.73,1936517,5,50.0,19,False,00000d82
68,2026-02-19 13:44:35,4.87,243656,5,50.0,9,False,0000033a
69,2026-02-19 13:45:35,13.57,678253,5,50.0,5,False,000005bf
70,2026-02-19 13:46:35,3.83,191534,5,50.0,4,True,00000c5e
71,2026-02-19 13:47:35,8.27,413697,5,50.0,8,False,0000010b
72,2026-02-19 13:48:35,5.37,268451,5,50.0,17,True,000008b7
73,2026-02-19 13:49:35,31.42,1571164,5,50.0,7,True,0000012c
74,2026-02-19 13:50:35,25.74,1287222,5,50.0,17,True,00000b67
75,2026-02-19 13:51:35,8.03,401610,5,50.0,0,False,00000d96
76,2026-02-19 13:52:35,3.66,183198,5,50.0,4,False,00000da6
77,2026-02-19 13:53:35,9.68,483996,5,50.0,20,False,00000f82
78,2026-02-19 13:54:35,8.61,430650,5,50.0,2,False,00000bb5
79,2026-02-19 13:55:35,13.65,682605,5,50.0,17,False,00000928
